id,name,col1
757603,yIitMnUC,TSkIjn73)V*b
039465,mTwYRzZB,VYz5qtLNjOv%
808051,kSDZGaXc,vJ5hSj0#U0PR
789548,OZebJKci,c53hO4pUy!Jn
584248,gudIERgG,pLCt*PpG9L^H
774241,uELmLkxh,v^2!mQX*(hfB
390261,IYTmmFYv,JyCDSQn9S80a
935892,YyvbxiXo,7mm!G3(9p5XK
016695,OsuIBxEx,C*FfvVl2kBo0
660605,EDKLLdzp,jiuv#PJ0zCBt
149532,kuajcnTw,5gTn$gcDR^CB
663048,QTrhDDfH,H*wOZu8t$k4i
524378,uttnPUaD,TRN#Q&HCRxP&
527630,rbDaoZYP,kARh#4q2z2(x
602661,zeRLXivU,yYI#49RartOT
863990,CEwtqtKb,PHGB^MV0dqB0
197322,AGCbZRKz,IImrUJfjCNJn
300259,phJctASE,Kbej35y)f4Uq
934387,CDPvIbWJ,E%U6M#o5GIYV
147950,LcThowjU,osy%g!QpLWUR
